,unit,na_item,geo,time,value
0,"Chain linked volumes (2005), million euro","Value added, gross",Austria,2010,241601.7
1,"Chain linked volumes (2005), million euro","Value added, gross",Austria,2011,249489.2
2,"Chain linked volumes (2005), million euro","Value added, gross",Austria,2012,250808.6
3,"Chain linked volumes (2005), million euro","Value added, gross",Austria,2013,251167.1
4,"Chain linked volumes (2005), million euro","Value added, gross",Austria,2014,252879.7
5,"Chain linked volumes (2005), million euro","Value added, gross",Austria,2015,255017.1
6,"Chain linked volumes (2005), million euro","Value added, gross",Austria,2016,260239.3
7,"Chain linked volumes (2005), million euro","Value added, gross",Austria,2017,266975.6
8,"Chain linked volumes (2005), million euro","Value added, gross",Austria,2018,274012.8
9,"Chain linked volumes (2005), million euro","Value added, gross",Austria,2019,278666.6
10,"Chain linked volumes (2005), million euro","Value added, gross",Belgium,2010,298892.6
11,"Chain linked volumes (2005), million euro","Value added, gross",Belgium,2011,304824.1
12,"Chain linked volumes (2005), million euro","Value added, gross",Belgium,2012,307227.8
13,"Chain linked volumes (2005), million euro","Value added, gross",Belgium,2013,308495.6
14,"Chain linked volumes (2005), million euro","Value added, gross",Belgium,2014,313684.5
15,"Chain linked volumes (2005), million euro","Value added, gross",Belgium,2015,320627.1
16,"Chain linked volumes (2005), million euro","Value added, gross",Belgium,2016,324396.7
17,"Chain linked volumes (2005), million euro","Value added, gross",Belgium,2017,330669.4
18,"Chain linked volumes (2005), million euro","Value added, gross",Belgium,2018,335501.2
19,"Chain linked volumes (2005), million euro","Value added, gross",Belgium,2019,340098.7
20,"Chain linked volumes (2005), million euro","Value added, gross",Bulgaria,2010,24727.3
21,"Chain linked volumes (2005), million euro","Value added, gross",Bulgaria,2011,25372.0
22,"Chain linked volumes (2005), million euro","Value added, gross",Bulgaria,2012,25266.9
23,"Chain linked volumes (2005), million euro","Value added, gross",Bulgaria,2013,25219.2
24,"Chain linked volumes (2005), million euro","Value added, gross",Bulgaria,2014,25768.7
25,"Chain linked volumes (2005), million euro","Value added, gross",Bulgaria,2015,26661.0
26,"Chain linked volumes (2005), million euro","Value added, gross",Bulgaria,2016,27602.5
27,"Chain linked volumes (2005), million euro","Value added, gross",Bulgaria,2017,28750.3
28,"Chain linked volumes (2005), million euro","Value added, gross",Bulgaria,2018,29749.3
29,"Chain linked volumes (2005), million euro","Value added, gross",Bulgaria,2019,30629.9
30,"Chain linked volumes (2005), million euro","Value added, gross",Switzerland,2010,351479.6
31,"Chain linked volumes (2005), million euro","Value added, gross",Switzerland,2011,357979.5
32,"Chain linked volumes (2005), million euro","Value added, gross",Switzerland,2012,362016.3
33,"Chain linked volumes (2005), million euro","Value added, gross",Switzerland,2013,368808.8
34,"Chain linked volumes (2005), million euro","Value added, gross",Switzerland,2014,377869.3
35,"Chain linked volumes (2005), million euro","Value added, gross",Switzerland,2015,383066.1
36,"Chain linked volumes (2005), million euro","Value added, gross",Switzerland,2016,389604.3
37,"Chain linked volumes (2005), million euro","Value added, gross",Switzerland,2017,396784.6
38,"Chain linked volumes (2005), million euro","Value added, gross",Switzerland,2018,408033.2
39,"Chain linked volumes (2005), million euro","Value added, gross",Switzerland,2019,411899.5
40,"Chain linked volumes (2005), million euro","Value added, gross",Cyprus,2010,14981.3
41,"Chain linked volumes (2005), million euro","Value added, gross",Cyprus,2011,15041.4
42,"Chain linked volumes (2005), million euro","Value added, gross",Cyprus,2012,14523.0
43,"Chain linked volumes (2005), million euro","Value added, gross",Cyprus,2013,13571.3
44,"Chain linked volumes (2005), million euro","Value added, gross",Cyprus,2014,13318.3
45,"Chain linked volumes (2005), million euro","Value added, gross",Cyprus,2015,13767.8
46,"Chain linked volumes (2005), million euro","Value added, gross",Cyprus,2016,14696.6
47,"Chain linked volumes (2005), million euro","Value added, gross",Cyprus,2017,15337.6
48,"Chain linked volumes (2005), million euro","Value added, gross",Cyprus,2018,15959.7
49,"Chain linked volumes (2005), million euro","Value added, gross",Cyprus,2019,16474.4
50,"Chain linked volumes (2005), million euro","Value added, gross",Czechia,2010,112881.5
51,"Chain linked volumes (2005), million euro","Value added, gross",Czechia,2011,115146.8
52,"Chain linked volumes (2005), million euro","Value added, gross",Czechia,2012,114176.0
53,"Chain linked volumes (2005), million euro","Value added, gross",Czechia,2013,113615.3
54,"Chain linked volumes (2005), million euro","Value added, gross",Czechia,2014,117478.7
55,"Chain linked volumes (2005), million euro","Value added, gross",Czechia,2015,123029.6
56,"Chain linked volumes (2005), million euro","Value added, gross",Czechia,2016,125969.5
57,"Chain linked volumes (2005), million euro","Value added, gross",Czechia,2017,131308.2
58,"Chain linked volumes (2005), million euro","Value added, gross",Czechia,2018,135237.1
59,"Chain linked volumes (2005), million euro","Value added, gross",Czechia,2019,138544.3
60,"Chain linked volumes (2005), million euro","Value added, gross",Germany (until 1990 former territory of the FRG),2010,2201753.6
61,"Chain linked volumes (2005), million euro","Value added, gross",Germany (until 1990 former territory of the FRG),2011,2287100.4
62,"Chain linked volumes (2005), million euro","Value added, gross",Germany (until 1990 former territory of the FRG),2012,2299087.3
63,"Chain linked volumes (2005), million euro","Value added, gross",Germany (until 1990 former territory of the FRG),2013,2309635.7
64,"Chain linked volumes (2005), million euro","Value added, gross",Germany (until 1990 former territory of the FRG),2014,2361658.9
65,"Chain linked volumes (2005), million euro","Value added, gross",Germany (until 1990 former territory of the FRG),2015,2397379.8
66,"Chain linked volumes (2005), million euro","Value added, gross",Germany (until 1990 former territory of the FRG),2016,2451081.1
67,"Chain linked volumes (2005), million euro","Value added, gross",Germany (until 1990 former territory of the FRG),2017,2513173.3
68,"Chain linked volumes (2005), million euro","Value added, gross",Germany (until 1990 former territory of the FRG),2018,2550572.4
69,"Chain linked volumes (2005), million euro","Value added, gross",Germany (until 1990 former territory of the FRG),2019,2562319.6
70,"Chain linked volumes (2005), million euro","Value added, gross",Denmark,2010,183751.9
71,"Chain linked volumes (2005), million euro","Value added, gross",Denmark,2011,186593.6
72,"Chain linked volumes (2005), million euro","Value added, gross",Denmark,2012,187000.9
73,"Chain linked volumes (2005), million euro","Value added, gross",Denmark,2013,188719.7
74,"Chain linked volumes (2005), million euro","Value added, gross",Denmark,2014,191638.4
75,"Chain linked volumes (2005), million euro","Value added, gross",Denmark,2015,195803.8
76,"Chain linked volumes (2005), million euro","Value added, gross",Denmark,2016,202021.6
77,"Chain linked volumes (2005), million euro","Value added, gross",Denmark,2017,206067.8
78,"Chain linked volumes (2005), million euro","Value added, gross",Denmark,2018,210936.9
79,"Chain linked volumes (2005), million euro","Value added, gross",Denmark,2019,215932.0
80,"Chain linked volumes (2005), million euro","Value added, gross","Euro area (EA11-1999, EA12-2001, EA13-2007, EA15-2008, EA16-2009, EA17-2011, EA18-2014, EA19-2015)",2010,7900407.8
81,"Chain linked volumes (2005), million euro","Value added, gross","Euro area (EA11-1999, EA12-2001, EA13-2007, EA15-2008, EA16-2009, EA17-2011, EA18-2014, EA19-2015)",2011,8049143.4
82,"Chain linked volumes (2005), million euro","Value added, gross","Euro area (EA11-1999, EA12-2001, EA13-2007, EA15-2008, EA16-2009, EA17-2011, EA18-2014, EA19-2015)",2012,7989856.4
83,"Chain linked volumes (2005), million euro","Value added, gross","Euro area (EA11-1999, EA12-2001, EA13-2007, EA15-2008, EA16-2009, EA17-2011, EA18-2014, EA19-2015)",2013,7977666.8
84,"Chain linked volumes (2005), million euro","Value added, gross","Euro area (EA11-1999, EA12-2001, EA13-2007, EA15-2008, EA16-2009, EA17-2011, EA18-2014, EA19-2015)",2014,8102540.9
85,"Chain linked volumes (2005), million euro","Value added, gross","Euro area (EA11-1999, EA12-2001, EA13-2007, EA15-2008, EA16-2009, EA17-2011, EA18-2014, EA19-2015)",2015,8286730.4
86,"Chain linked volumes (2005), million euro","Value added, gross","Euro area (EA11-1999, EA12-2001, EA13-2007, EA15-2008, EA16-2009, EA17-2011, EA18-2014, EA19-2015)",2016,8437936.0
87,"Chain linked volumes (2005), million euro","Value added, gross","Euro area (EA11-1999, EA12-2001, EA13-2007, EA15-2008, EA16-2009, EA17-2011, EA18-2014, EA19-2015)",2017,8653552.6
88,"Chain linked volumes (2005), million euro","Value added, gross","Euro area (EA11-1999, EA12-2001, EA13-2007, EA15-2008, EA16-2009, EA17-2011, EA18-2014, EA19-2015)",2018,8822309.8
89,"Chain linked volumes (2005), million euro","Value added, gross","Euro area (EA11-1999, EA12-2001, EA13-2007, EA15-2008, EA16-2009, EA17-2011, EA18-2014, EA19-2015)",2019,8928487.7
90,"Chain linked volumes (2005), million euro","Value added, gross",Euro area - 12 countries (2001-2006),2010,7806038.9
91,"Chain linked volumes (2005), million euro","Value added, gross",Euro area - 12 countries (2001-2006),2011,7942822.2
92,"Chain linked volumes (2005), million euro","Value added, gross",Euro area - 12 countries (2001-2006),2012,7882426.4
93,"Chain linked volumes (2005), million euro","Value added, gross",Euro area - 12 countries (2001-2006),2013,7870851.6
94,"Chain linked volumes (2005), million euro","Value added, gross",Euro area - 12 countries (2001-2006),2014,7979242.1
95,"Chain linked volumes (2005), million euro","Value added, gross",Euro area - 12 countries (2001-2006),2015,8133899.1
96,"Chain linked volumes (2005), million euro","Value added, gross",Euro area - 12 countries (2001-2006),2016,8280589.0
97,"Chain linked volumes (2005), million euro","Value added, gross",Euro area - 12 countries (2001-2006),2017,8489356.4
98,"Chain linked volumes (2005), million euro","Value added, gross",Euro area - 12 countries (2001-2006),2018,8650664.8
99,"Chain linked volumes (2005), million euro","Value added, gross",Euro area - 12 countries (2001-2006),2019,8751359.4
100,"Chain linked volumes (2005), million euro","Value added, gross",Euro area - 19 countries  (from 2015),2010,7941436.6
101,"Chain linked volumes (2005), million euro","Value added, gross",Euro area - 19 countries  (from 2015),2011,8082565.8
102,"Chain linked volumes (2005), million euro","Value added, gross",Euro area - 19 countries  (from 2015),2012,8024887.1
103,"Chain linked volumes (2005), million euro","Value added, gross",Euro area - 19 countries  (from 2015),2013,8013991.3
104,"Chain linked volumes (2005), million euro","Value added, gross",Euro area - 19 countries  (from 2015),2014,8126576.7
105,"Chain linked volumes (2005), million euro","Value added, gross",Euro area - 19 countries  (from 2015),2015,8286730.4
106,"Chain linked volumes (2005), million euro","Value added, gross",Euro area - 19 countries  (from 2015),2016,8437936.0
107,"Chain linked volumes (2005), million euro","Value added, gross",Euro area - 19 countries  (from 2015),2017,8653552.6
108,"Chain linked volumes (2005), million euro","Value added, gross",Euro area - 19 countries  (from 2015),2018,8822309.8
109,"Chain linked volumes (2005), million euro","Value added, gross",Euro area - 19 countries  (from 2015),2019,8928487.7
110,"Chain linked volumes (2005), million euro","Value added, gross",Estonia,2010,10099.4
111,"Chain linked volumes (2005), million euro","Value added, gross",Estonia,2011,10869.1
112,"Chain linked volumes (2005), million euro","Value added, gross",Estonia,2012,11158.9
113,"Chain linked volumes (2005), million euro","Value added, gross",Estonia,2013,11285.4
114,"Chain linked volumes (2005), million euro","Value added, gross",Estonia,2014,11598.1
115,"Chain linked volumes (2005), million euro","Value added, gross",Estonia,2015,11792.5
116,"Chain linked volumes (2005), million euro","Value added, gross",Estonia,2016,12040.0
117,"Chain linked volumes (2005), million euro","Value added, gross",Estonia,2017,12845.4
118,"Chain linked volumes (2005), million euro","Value added, gross",Estonia,2018,13504.1
119,"Chain linked volumes (2005), million euro","Value added, gross",Estonia,2019,14037.5
120,"Chain linked volumes (2005), million euro","Value added, gross",Greece,2010,174340.6
121,"Chain linked volumes (2005), million euro","Value added, gross",Greece,2011,158646.7
122,"Chain linked volumes (2005), million euro","Value added, gross",Greece,2012,148426.2
123,"Chain linked volumes (2005), million euro","Value added, gross",Greece,2013,144485.2
124,"Chain linked volumes (2005), million euro","Value added, gross",Greece,2014,145151.8
125,"Chain linked volumes (2005), million euro","Value added, gross",Greece,2015,144219.8
126,"Chain linked volumes (2005), million euro","Value added, gross",Greece,2016,142746.7
127,"Chain linked volumes (2005), million euro","Value added, gross",Greece,2017,145658.9
128,"Chain linked volumes (2005), million euro","Value added, gross",Greece,2018,148229.4
129,"Chain linked volumes (2005), million euro","Value added, gross",Greece,2019,149591.8
130,"Chain linked volumes (2005), million euro","Value added, gross",Spain,2010,883821.9
131,"Chain linked volumes (2005), million euro","Value added, gross",Spain,2011,879977.2
132,"Chain linked volumes (2005), million euro","Value added, gross",Spain,2012,854564.2
133,"Chain linked volumes (2005), million euro","Value added, gross",Spain,2013,843539.7
134,"Chain linked volumes (2005), million euro","Value added, gross",Spain,2014,851496.9
135,"Chain linked volumes (2005), million euro","Value added, gross",Spain,2015,879365.2
136,"Chain linked volumes (2005), million euro","Value added, gross",Spain,2016,904125.7
137,"Chain linked volumes (2005), million euro","Value added, gross",Spain,2017,930313.4
138,"Chain linked volumes (2005), million euro","Value added, gross",Spain,2018,953325.0
139,"Chain linked volumes (2005), million euro","Value added, gross",Spain,2019,974223.7
140,"Chain linked volumes (2005), million euro","Value added, gross",European Union - 15 countries (1995-2004),2010,10183402.1
141,"Chain linked volumes (2005), million euro","Value added, gross",European Union - 15 countries (1995-2004),2011,10367908.7
142,"Chain linked volumes (2005), million euro","Value added, gross",European Union - 15 countries (1995-2004),2012,10327868.5
143,"Chain linked volumes (2005), million euro","Value added, gross",European Union - 15 countries (1995-2004),2013,10359973.8
144,"Chain linked volumes (2005), million euro","Value added, gross",European Union - 15 countries (1995-2004),2014,10528783.2
145,"Chain linked volumes (2005), million euro","Value added, gross",European Union - 15 countries (1995-2004),2015,10745602.7
146,"Chain linked volumes (2005), million euro","Value added, gross",European Union - 15 countries (1995-2004),2016,10946068.7
147,"Chain linked volumes (2005), million euro","Value added, gross",European Union - 15 countries (1995-2004),2017,11210835.2
148,"Chain linked volumes (2005), million euro","Value added, gross",European Union - 15 countries (1995-2004),2018,11414823.4
149,"Chain linked volumes (2005), million euro","Value added, gross",European Union - 15 countries (1995-2004),2019,11556045.6
150,"Chain linked volumes (2005), million euro","Value added, gross",European Union - 27 countries (from 2020),2010,9034202.2
151,"Chain linked volumes (2005), million euro","Value added, gross",European Union - 27 countries (from 2020),2011,9208644.8
152,"Chain linked volumes (2005), million euro","Value added, gross",European Union - 27 countries (from 2020),2012,9153943.3
153,"Chain linked volumes (2005), million euro","Value added, gross",European Union - 27 countries (from 2020),2013,9158465.9
154,"Chain linked volumes (2005), million euro","Value added, gross",European Union - 27 countries (from 2020),2014,9305213.5
155,"Chain linked volumes (2005), million euro","Value added, gross",European Union - 27 countries (from 2020),2015,9509657.6
156,"Chain linked volumes (2005), million euro","Value added, gross",European Union - 27 countries (from 2020),2016,9696849.5
157,"Chain linked volumes (2005), million euro","Value added, gross",European Union - 27 countries (from 2020),2017,9961364.1
158,"Chain linked volumes (2005), million euro","Value added, gross",European Union - 27 countries (from 2020),2018,10177150.0
159,"Chain linked volumes (2005), million euro","Value added, gross",European Union - 27 countries (from 2020),2019,10324121.1
160,"Chain linked volumes (2005), million euro","Value added, gross",European Union - 28 countries (2013-2020),2010,10925037.2
161,"Chain linked volumes (2005), million euro","Value added, gross",European Union - 28 countries (2013-2020),2011,11134124.9
162,"Chain linked volumes (2005), million euro","Value added, gross",European Union - 28 countries (2013-2020),2012,11101056.8
163,"Chain linked volumes (2005), million euro","Value added, gross",European Union - 28 countries (2013-2020),2013,11143594.6
164,"Chain linked volumes (2005), million euro","Value added, gross",European Union - 28 countries (2013-2020),2014,11338640.3
165,"Chain linked volumes (2005), million euro","Value added, gross",European Union - 28 countries (2013-2020),2015,11586898.9
166,"Chain linked volumes (2005), million euro","Value added, gross",European Union - 28 countries (2013-2020),2016,11814528.3
167,"Chain linked volumes (2005), million euro","Value added, gross",European Union - 28 countries (2013-2020),2017,12122595.8
168,"Chain linked volumes (2005), million euro","Value added, gross",European Union - 28 countries (2013-2020),2018,12369231.6
169,"Chain linked volumes (2005), million euro","Value added, gross",European Union - 28 countries (2013-2020),2019,12547282.1
170,"Chain linked volumes (2005), million euro","Value added, gross",Finland,2010,150749.7
171,"Chain linked volumes (2005), million euro","Value added, gross",Finland,2011,153627.2
172,"Chain linked volumes (2005), million euro","Value added, gross",Finland,2012,150704.0
173,"Chain linked volumes (2005), million euro","Value added, gross",Finland,2013,149115.6
174,"Chain linked volumes (2005), million euro","Value added, gross",Finland,2014,148656.9
175,"Chain linked volumes (2005), million euro","Value added, gross",Finland,2015,149246.5
176,"Chain linked volumes (2005), million euro","Value added, gross",Finland,2016,152931.4
177,"Chain linked volumes (2005), million euro","Value added, gross",Finland,2017,158386.9
178,"Chain linked volumes (2005), million euro","Value added, gross",Finland,2018,160699.5
179,"Chain linked volumes (2005), million euro","Value added, gross",Finland,2019,162479.2
180,"Chain linked volumes (2005), million euro","Value added, gross",France,2010,1659876.7
181,"Chain linked volumes (2005), million euro","Value added, gross",France,2011,1697035.1
182,"Chain linked volumes (2005), million euro","Value added, gross",France,2012,1706620.9
183,"Chain linked volumes (2005), million euro","Value added, gross",France,2013,1717192.3
184,"Chain linked volumes (2005), million euro","Value added, gross",France,2014,1736280.1
185,"Chain linked volumes (2005), million euro","Value added, gross",France,2015,1751958.8
186,"Chain linked volumes (2005), million euro","Value added, gross",France,2016,1768921.3
187,"Chain linked volumes (2005), million euro","Value added, gross",France,2017,1806410.4
188,"Chain linked volumes (2005), million euro","Value added, gross",France,2018,1838517.4
189,"Chain linked volumes (2005), million euro","Value added, gross",France,2019,1862393.6
190,"Chain linked volumes (2005), million euro","Value added, gross",Croatia,2010,31664.2
191,"Chain linked volumes (2005), million euro","Value added, gross",Croatia,2011,31676.2
192,"Chain linked volumes (2005), million euro","Value added, gross",Croatia,2012,30635.1
193,"Chain linked volumes (2005), million euro","Value added, gross",Croatia,2013,30371.0
194,"Chain linked volumes (2005), million euro","Value added, gross",Croatia,2014,30397.1
195,"Chain linked volumes (2005), million euro","Value added, gross",Croatia,2015,31085.0
196,"Chain linked volumes (2005), million euro","Value added, gross",Croatia,2016,32197.5
197,"Chain linked volumes (2005), million euro","Value added, gross",Croatia,2017,33022.0
198,"Chain linked volumes (2005), million euro","Value added, gross",Croatia,2018,33735.9
199,"Chain linked volumes (2005), million euro","Value added, gross",Croatia,2019,34632.3
200,"Chain linked volumes (2005), million euro","Value added, gross",Hungary,2010,77317.5
201,"Chain linked volumes (2005), million euro","Value added, gross",Hungary,2011,78786.7
202,"Chain linked volumes (2005), million euro","Value added, gross",Hungary,2012,77624.8
203,"Chain linked volumes (2005), million euro","Value added, gross",Hungary,2013,79665.5
204,"Chain linked volumes (2005), million euro","Value added, gross",Hungary,2014,83191.0
205,"Chain linked volumes (2005), million euro","Value added, gross",Hungary,2015,86400.5
206,"Chain linked volumes (2005), million euro","Value added, gross",Hungary,2016,88385.3
207,"Chain linked volumes (2005), million euro","Value added, gross",Hungary,2017,92197.8
208,"Chain linked volumes (2005), million euro","Value added, gross",Hungary,2018,97077.6
209,"Chain linked volumes (2005), million euro","Value added, gross",Hungary,2019,102070.4
210,"Chain linked volumes (2005), million euro","Value added, gross",Ireland,2010,156191.5
211,"Chain linked volumes (2005), million euro","Value added, gross",Ireland,2011,157339.9
212,"Chain linked volumes (2005), million euro","Value added, gross",Ireland,2012,154470.2
213,"Chain linked volumes (2005), million euro","Value added, gross",Ireland,2013,156867.3
214,"Chain linked volumes (2005), million euro","Value added, gross",Ireland,2014,168388.1
215,"Chain linked volumes (2005), million euro","Value added, gross",Ireland,2015,211933.5
216,"Chain linked volumes (2005), million euro","Value added, gross",Ireland,2016,221831.8
217,"Chain linked volumes (2005), million euro","Value added, gross",Ireland,2017,237254.6
218,"Chain linked volumes (2005), million euro","Value added, gross",Ireland,2018,256085.0
219,"Chain linked volumes (2005), million euro","Value added, gross",Ireland,2019,271254.3
220,"Chain linked volumes (2005), million euro","Value added, gross",Iceland,2010,12152.2
221,"Chain linked volumes (2005), million euro","Value added, gross",Iceland,2011,12348.3
222,"Chain linked volumes (2005), million euro","Value added, gross",Iceland,2012,12666.0
223,"Chain linked volumes (2005), million euro","Value added, gross",Iceland,2013,13174.1
224,"Chain linked volumes (2005), million euro","Value added, gross",Iceland,2014,13595.1
225,"Chain linked volumes (2005), million euro","Value added, gross",Iceland,2015,14238.6
226,"Chain linked volumes (2005), million euro","Value added, gross",Iceland,2016,15205.8
227,"Chain linked volumes (2005), million euro","Value added, gross",Iceland,2017,15921.7
228,"Chain linked volumes (2005), million euro","Value added, gross",Iceland,2018,16536.0
229,"Chain linked volumes (2005), million euro","Value added, gross",Iceland,2019,16842.7
230,"Chain linked volumes (2005), million euro","Value added, gross",Italy,2010,1332016.2
231,"Chain linked volumes (2005), million euro","Value added, gross",Italy,2011,1341732.3
232,"Chain linked volumes (2005), million euro","Value added, gross",Italy,2012,1305851.9
233,"Chain linked volumes (2005), million euro","Value added, gross",Italy,2013,1285457.4
234,"Chain linked volumes (2005), million euro","Value added, gross",Italy,2014,1286146.1
235,"Chain linked volumes (2005), million euro","Value added, gross",Italy,2015,1297341.8
236,"Chain linked volumes (2005), million euro","Value added, gross",Italy,2016,1314960.2
237,"Chain linked volumes (2005), million euro","Value added, gross",Italy,2017,1336046.4
238,"Chain linked volumes (2005), million euro","Value added, gross",Italy,2018,1347918.8
239,"Chain linked volumes (2005), million euro","Value added, gross",Italy,2019,1351027.0
240,"Chain linked volumes (2005), million euro","Value added, gross",Lithuania,2010,20123.0
241,"Chain linked volumes (2005), million euro","Value added, gross",Lithuania,2011,21335.5
242,"Chain linked volumes (2005), million euro","Value added, gross",Lithuania,2012,22153.4
243,"Chain linked volumes (2005), million euro","Value added, gross",Lithuania,2013,22941.7
244,"Chain linked volumes (2005), million euro","Value added, gross",Lithuania,2014,23746.5
245,"Chain linked volumes (2005), million euro","Value added, gross",Lithuania,2015,24229.3
246,"Chain linked volumes (2005), million euro","Value added, gross",Lithuania,2016,24848.6
247,"Chain linked volumes (2005), million euro","Value added, gross",Lithuania,2017,25904.0
248,"Chain linked volumes (2005), million euro","Value added, gross",Lithuania,2018,26848.2
249,"Chain linked volumes (2005), million euro","Value added, gross",Lithuania,2019,27899.0
250,"Chain linked volumes (2005), million euro","Value added, gross",Luxembourg,2010,30195.5
251,"Chain linked volumes (2005), million euro","Value added, gross",Luxembourg,2011,30785.6
252,"Chain linked volumes (2005), million euro","Value added, gross",Luxembourg,2012,30525.9
253,"Chain linked volumes (2005), million euro","Value added, gross",Luxembourg,2013,31636.6
254,"Chain linked volumes (2005), million euro","Value added, gross",Luxembourg,2014,32856.3
255,"Chain linked volumes (2005), million euro","Value added, gross",Luxembourg,2015,34363.2
256,"Chain linked volumes (2005), million euro","Value added, gross",Luxembourg,2016,36039.7
257,"Chain linked volumes (2005), million euro","Value added, gross",Luxembourg,2017,36666.7
258,"Chain linked volumes (2005), million euro","Value added, gross",Luxembourg,2018,37674.5
259,"Chain linked volumes (2005), million euro","Value added, gross",Luxembourg,2019,38530.0
260,"Chain linked volumes (2005), million euro","Value added, gross",Latvia,2010,12150.7
261,"Chain linked volumes (2005), million euro","Value added, gross",Latvia,2011,12915.3
262,"Chain linked volumes (2005), million euro","Value added, gross",Latvia,2012,13349.5
263,"Chain linked volumes (2005), million euro","Value added, gross",Latvia,2013,13578.8
264,"Chain linked volumes (2005), million euro","Value added, gross",Latvia,2014,13801.5
265,"Chain linked volumes (2005), million euro","Value added, gross",Latvia,2015,14190.5
266,"Chain linked volumes (2005), million euro","Value added, gross",Latvia,2016,14348.3
267,"Chain linked volumes (2005), million euro","Value added, gross",Latvia,2017,14905.1
268,"Chain linked volumes (2005), million euro","Value added, gross",Latvia,2018,15455.0
269,"Chain linked volumes (2005), million euro","Value added, gross",Latvia,2019,15847.2
270,"Chain linked volumes (2005), million euro","Value added, gross",North Macedonia,2010,5214.8
271,"Chain linked volumes (2005), million euro","Value added, gross",North Macedonia,2011,5316.4
272,"Chain linked volumes (2005), million euro","Value added, gross",North Macedonia,2012,5281.0
273,"Chain linked volumes (2005), million euro","Value added, gross",North Macedonia,2013,5487.8
274,"Chain linked volumes (2005), million euro","Value added, gross",North Macedonia,2014,5761.3
275,"Chain linked volumes (2005), million euro","Value added, gross",North Macedonia,2015,6017.1
276,"Chain linked volumes (2005), million euro","Value added, gross",North Macedonia,2016,6139.0
277,"Chain linked volumes (2005), million euro","Value added, gross",North Macedonia,2017,6195.2
278,"Chain linked volumes (2005), million euro","Value added, gross",North Macedonia,2018,6357.1
279,"Chain linked volumes (2005), million euro","Value added, gross",North Macedonia,2019,
280,"Chain linked volumes (2005), million euro","Value added, gross",Netherlands,2010,530588.4
281,"Chain linked volumes (2005), million euro","Value added, gross",Netherlands,2011,540516.9
282,"Chain linked volumes (2005), million euro","Value added, gross",Netherlands,2012,536223.8
283,"Chain linked volumes (2005), million euro","Value added, gross",Netherlands,2013,537636.3
284,"Chain linked volumes (2005), million euro","Value added, gross",Netherlands,2014,545370.8
285,"Chain linked volumes (2005), million euro","Value added, gross",Netherlands,2015,554666.6
286,"Chain linked volumes (2005), million euro","Value added, gross",Netherlands,2016,565573.5
287,"Chain linked volumes (2005), million euro","Value added, gross",Netherlands,2017,582148.9
288,"Chain linked volumes (2005), million euro","Value added, gross",Netherlands,2018,597438.2
289,"Chain linked volumes (2005), million euro","Value added, gross",Netherlands,2019,608367.1
290,"Chain linked volumes (2005), million euro","Value added, gross",Norway,2010,229837.0
291,"Chain linked volumes (2005), million euro","Value added, gross",Norway,2011,231436.6
292,"Chain linked volumes (2005), million euro","Value added, gross",Norway,2012,237488.8
293,"Chain linked volumes (2005), million euro","Value added, gross",Norway,2013,239783.4
294,"Chain linked volumes (2005), million euro","Value added, gross",Norway,2014,244497.9
295,"Chain linked volumes (2005), million euro","Value added, gross",Norway,2015,249220.3
296,"Chain linked volumes (2005), million euro","Value added, gross",Norway,2016,251542.3
297,"Chain linked volumes (2005), million euro","Value added, gross",Norway,2017,257209.5
298,"Chain linked volumes (2005), million euro","Value added, gross",Norway,2018,260614.3
299,"Chain linked volumes (2005), million euro","Value added, gross",Norway,2019,263520.0
300,"Chain linked volumes (2005), million euro","Value added, gross",Poland,2010,273253.3
301,"Chain linked volumes (2005), million euro","Value added, gross",Poland,2011,286919.4
302,"Chain linked volumes (2005), million euro","Value added, gross",Poland,2012,291718.2
303,"Chain linked volumes (2005), million euro","Value added, gross",Poland,2013,296021.3
304,"Chain linked volumes (2005), million euro","Value added, gross",Poland,2014,305812.4
305,"Chain linked volumes (2005), million euro","Value added, gross",Poland,2015,317020.0
306,"Chain linked volumes (2005), million euro","Value added, gross",Poland,2016,326633.6
307,"Chain linked volumes (2005), million euro","Value added, gross",Poland,2017,342293.2
308,"Chain linked volumes (2005), million euro","Value added, gross",Poland,2018,360417.5
309,"Chain linked volumes (2005), million euro","Value added, gross",Poland,2019,375075.6
310,"Chain linked volumes (2005), million euro","Value added, gross",Portugal,2010,143099.6
311,"Chain linked volumes (2005), million euro","Value added, gross",Portugal,2011,141658.7
312,"Chain linked volumes (2005), million euro","Value added, gross",Portugal,2012,137034.5
313,"Chain linked volumes (2005), million euro","Value added, gross",Portugal,2013,136188.9
314,"Chain linked volumes (2005), million euro","Value added, gross",Portugal,2014,136613.5
315,"Chain linked volumes (2005), million euro","Value added, gross",Portugal,2015,138722.6
316,"Chain linked volumes (2005), million euro","Value added, gross",Portugal,2016,141003.0
317,"Chain linked volumes (2005), million euro","Value added, gross",Portugal,2017,145636.1
318,"Chain linked volumes (2005), million euro","Value added, gross",Portugal,2018,148986.5
319,"Chain linked volumes (2005), million euro","Value added, gross",Portugal,2019,151903.8
320,"Chain linked volumes (2005), million euro","Value added, gross",Romania,2010,80934.5
321,"Chain linked volumes (2005), million euro","Value added, gross",Romania,2011,82144.0
322,"Chain linked volumes (2005), million euro","Value added, gross",Romania,2012,83940.7
323,"Chain linked volumes (2005), million euro","Value added, gross",Romania,2013,87392.2
324,"Chain linked volumes (2005), million euro","Value added, gross",Romania,2014,90410.7
325,"Chain linked volumes (2005), million euro","Value added, gross",Romania,2015,93534.4
326,"Chain linked volumes (2005), million euro","Value added, gross",Romania,2016,98151.5
327,"Chain linked volumes (2005), million euro","Value added, gross",Romania,2017,105206.1
328,"Chain linked volumes (2005), million euro","Value added, gross",Romania,2018,109310.9
329,"Chain linked volumes (2005), million euro","Value added, gross",Romania,2019,113257.5
330,"Chain linked volumes (2005), million euro","Value added, gross",Serbia,2010,21232.0
331,"Chain linked volumes (2005), million euro","Value added, gross",Serbia,2011,21672.2
332,"Chain linked volumes (2005), million euro","Value added, gross",Serbia,2012,21537.5
333,"Chain linked volumes (2005), million euro","Value added, gross",Serbia,2013,22327.9
334,"Chain linked volumes (2005), million euro","Value added, gross",Serbia,2014,21900.9
335,"Chain linked volumes (2005), million euro","Value added, gross",Serbia,2015,22399.8
336,"Chain linked volumes (2005), million euro","Value added, gross",Serbia,2016,23251.3
337,"Chain linked volumes (2005), million euro","Value added, gross",Serbia,2017,23746.1
338,"Chain linked volumes (2005), million euro","Value added, gross",Serbia,2018,24830.0
339,"Chain linked volumes (2005), million euro","Value added, gross",Serbia,2019,25911.8
340,"Chain linked volumes (2005), million euro","Value added, gross",Sweden,2010,304056.1
341,"Chain linked volumes (2005), million euro","Value added, gross",Sweden,2011,314659.7
342,"Chain linked volumes (2005), million euro","Value added, gross",Sweden,2012,312869.3
343,"Chain linked volumes (2005), million euro","Value added, gross",Sweden,2013,316182.9
344,"Chain linked volumes (2005), million euro","Value added, gross",Sweden,2014,325140.7
345,"Chain linked volumes (2005), million euro","Value added, gross",Sweden,2015,339091.2
346,"Chain linked volumes (2005), million euro","Value added, gross",Sweden,2016,346036.0
347,"Chain linked volumes (2005), million euro","Value added, gross",Sweden,2017,355009.2
348,"Chain linked volumes (2005), million euro","Value added, gross",Sweden,2018,362758.9
349,"Chain linked volumes (2005), million euro","Value added, gross",Sweden,2019,367800.3
350,"Chain linked volumes (2005), million euro","Value added, gross",Slovenia,2010,28247.1
351,"Chain linked volumes (2005), million euro","Value added, gross",Slovenia,2011,28410.5
352,"Chain linked volumes (2005), million euro","Value added, gross",Slovenia,2012,27762.1
353,"Chain linked volumes (2005), million euro","Value added, gross",Slovenia,2013,27568.4
354,"Chain linked volumes (2005), million euro","Value added, gross",Slovenia,2014,28518.4
355,"Chain linked volumes (2005), million euro","Value added, gross",Slovenia,2015,29132.9
356,"Chain linked volumes (2005), million euro","Value added, gross",Slovenia,2016,30052.7
357,"Chain linked volumes (2005), million euro","Value added, gross",Slovenia,2017,31603.2
358,"Chain linked volumes (2005), million euro","Value added, gross",Slovenia,2018,32884.5
359,"Chain linked volumes (2005), million euro","Value added, gross",Slovenia,2019,33671.7
360,"Chain linked volumes (2005), million euro","Value added, gross",Slovakia,2010,45344.7
361,"Chain linked volumes (2005), million euro","Value added, gross",Slovakia,2011,46318.5
362,"Chain linked volumes (2005), million euro","Value added, gross",Slovakia,2012,47626.1
363,"Chain linked volumes (2005), million euro","Value added, gross",Slovakia,2013,47726.4
364,"Chain linked volumes (2005), million euro","Value added, gross",Slovakia,2014,49015.0
365,"Chain linked volumes (2005), million euro","Value added, gross",Slovakia,2015,51233.3
366,"Chain linked volumes (2005), million euro","Value added, gross",Slovakia,2016,52353.8
367,"Chain linked volumes (2005), million euro","Value added, gross",Slovakia,2017,53716.4
368,"Chain linked volumes (2005), million euro","Value added, gross",Slovakia,2018,55865.5
369,"Chain linked volumes (2005), million euro","Value added, gross",Slovakia,2019,57004.4
370,"Chain linked volumes (2005), million euro","Value added, gross",Turkey,2010,408419.7
371,"Chain linked volumes (2005), million euro","Value added, gross",Turkey,2011,454364.4
372,"Chain linked volumes (2005), million euro","Value added, gross",Turkey,2012,478096.0
373,"Chain linked volumes (2005), million euro","Value added, gross",Turkey,2013,516141.3
374,"Chain linked volumes (2005), million euro","Value added, gross",Turkey,2014,545049.0
375,"Chain linked volumes (2005), million euro","Value added, gross",Turkey,2015,575718.7
376,"Chain linked volumes (2005), million euro","Value added, gross",Turkey,2016,593584.1
377,"Chain linked volumes (2005), million euro","Value added, gross",Turkey,2017,640529.0
378,"Chain linked volumes (2005), million euro","Value added, gross",Turkey,2018,660769.8
379,"Chain linked volumes (2005), million euro","Value added, gross",Turkey,2019,
380,"Chain linked volumes (2005), million euro","Value added, gross",United Kingdom,2010,1891499.2
381,"Chain linked volumes (2005), million euro","Value added, gross",United Kingdom,2011,1925808.3
382,"Chain linked volumes (2005), million euro","Value added, gross",United Kingdom,2012,1954091.1
383,"Chain linked volumes (2005), million euro","Value added, gross",United Kingdom,2013,1996860.2
384,"Chain linked volumes (2005), million euro","Value added, gross",United Kingdom,2014,2048092.9
385,"Chain linked volumes (2005), million euro","Value added, gross",United Kingdom,2015,2092132.2
386,"Chain linked volumes (2005), million euro","Value added, gross",United Kingdom,2016,2132857.4
387,"Chain linked volumes (2005), million euro","Value added, gross",United Kingdom,2017,2175193.5
388,"Chain linked volumes (2005), million euro","Value added, gross",United Kingdom,2018,2203589.0
389,"Chain linked volumes (2005), million euro","Value added, gross",United Kingdom,2019,2234736.2
